{
"meta":{"test_sets":[],"test_metrics":[],"learn_metrics":[{"best_value":"Min","name":"Logloss"}],"launch_mode":"Train","parameters":"","iteration_count":50,"learn_sets":["learn"],"name":"experiment"},
"iterations":[
{"learn":[0.6581637573],"iteration":0,"passed_time":0.151509819,"remaining_time":7.42398113},
{"learn":[0.6278398438],"iteration":1,"passed_time":0.1537206076,"remaining_time":3.689294581},
{"learn":[0.6001919556],"iteration":2,"passed_time":0.1550782871,"remaining_time":2.429559831},
{"learn":[0.5757197266],"iteration":3,"passed_time":0.1562373111,"remaining_time":1.796729078},
{"learn":[0.5522480469],"iteration":4,"passed_time":0.1575699033,"remaining_time":1.418129129},
{"learn":[0.5333522949],"iteration":5,"passed_time":0.1593134246,"remaining_time":1.168298447},
{"learn":[0.5149822388],"iteration":6,"passed_time":0.160438187,"remaining_time":0.9855488628},
{"learn":[0.4983446045],"iteration":7,"passed_time":0.1615148339,"remaining_time":0.8479528778},
{"learn":[0.4814528809],"iteration":8,"passed_time":0.1626712172,"remaining_time":0.7410577673},
{"learn":[0.4676575928],"iteration":9,"passed_time":0.1636748159,"remaining_time":0.6546992635},
{"learn":[0.4553626709],"iteration":10,"passed_time":0.1650638759,"remaining_time":0.5852264689},
{"learn":[0.4423570557],"iteration":11,"passed_time":0.1662306661,"remaining_time":0.5263971094},
{"learn":[0.4309749451],"iteration":12,"passed_time":0.1672443662,"remaining_time":0.4760031962},
{"learn":[0.4196272278],"iteration":13,"passed_time":0.1682636932,"remaining_time":0.4326780683},
{"learn":[0.4106288757],"iteration":14,"passed_time":0.1693105074,"remaining_time":0.3950578507},
{"learn":[0.4025938721],"iteration":15,"passed_time":0.1712824869,"remaining_time":0.3639752846},
{"learn":[0.396355896],"iteration":16,"passed_time":0.1724013669,"remaining_time":0.334661477},
{"learn":[0.3870842896],"iteration":17,"passed_time":0.1734665693,"remaining_time":0.308385012},
{"learn":[0.3810612183],"iteration":18,"passed_time":0.1745281805,"remaining_time":0.284756505},
{"learn":[0.3737526855],"iteration":19,"passed_time":0.1755065166,"remaining_time":0.2632597749},
{"learn":[0.3658379517],"iteration":20,"passed_time":0.1769046659,"remaining_time":0.2442969196},
{"learn":[0.3597875366],"iteration":21,"passed_time":0.1779875206,"remaining_time":0.2265295717},
{"learn":[0.3537093811],"iteration":22,"passed_time":0.1789773857,"remaining_time":0.2101038876},
{"learn":[0.3477322693],"iteration":23,"passed_time":0.1799609825,"remaining_time":0.1949577311},
{"learn":[0.3417546692],"iteration":24,"passed_time":0.1809532882,"remaining_time":0.1809532882},
{"learn":[0.3375653381],"iteration":25,"passed_time":0.1821608537,"remaining_time":0.1681484804},
{"learn":[0.3335044556],"iteration":26,"passed_time":0.1833697627,"remaining_time":0.1562038719},
{"learn":[0.3279013062],"iteration":27,"passed_time":0.1843717529,"remaining_time":0.1448635201},
{"learn":[0.3236530762],"iteration":28,"passed_time":0.1853519483,"remaining_time":0.1342203764},
{"learn":[0.3198720093],"iteration":29,"passed_time":0.1863554966,"remaining_time":0.1242369977},
{"learn":[0.3165420227],"iteration":30,"passed_time":0.1874815817,"remaining_time":0.1149080662},
{"learn":[0.3128182373],"iteration":31,"passed_time":0.188538883,"remaining_time":0.1060531217},
{"learn":[0.3080841064],"iteration":32,"passed_time":0.1895617328,"remaining_time":0.09765301389},
{"learn":[0.3039055786],"iteration":33,"passed_time":0.1905358,"remaining_time":0.0896639059},
{"learn":[0.3014103394],"iteration":34,"passed_time":0.1914996058,"remaining_time":0.08207125962},
{"learn":[0.2971346741],"iteration":35,"passed_time":0.1924932029,"remaining_time":0.0748584678},
{"learn":[0.2930008545],"iteration":36,"passed_time":0.1938475864,"remaining_time":0.06810861145},
{"learn":[0.2902877197],"iteration":37,"passed_time":0.1950032726,"remaining_time":0.06157998081},
{"learn":[0.2869602661],"iteration":38,"passed_time":0.1960299607,"remaining_time":0.05529050175},
{"learn":[0.2849411621],"iteration":39,"passed_time":0.1969962963,"remaining_time":0.04924907408},
{"learn":[0.2815395508],"iteration":40,"passed_time":0.197969171,"remaining_time":0.0434566473},
{"learn":[0.2787588501],"iteration":41,"passed_time":0.1990439136,"remaining_time":0.03791312641},
{"learn":[0.2771188049],"iteration":42,"passed_time":0.2001943998,"remaining_time":0.03258978601},
{"learn":[0.2733149414],"iteration":43,"passed_time":0.2012000731,"remaining_time":0.02743637361},
{"learn":[0.2709750366],"iteration":44,"passed_time":0.2022077998,"remaining_time":0.02246753331},
{"learn":[0.2687421265],"iteration":45,"passed_time":0.2032242159,"remaining_time":0.01767167095},
{"learn":[0.2671029663],"iteration":46,"passed_time":0.2042326756,"remaining_time":0.01303612823},
{"learn":[0.2646187134],"iteration":47,"passed_time":0.2055817416,"remaining_time":0.008565905902},
{"learn":[0.2633286743],"iteration":48,"passed_time":0.2066070961,"remaining_time":0.004216471349},
{"learn":[0.2611235962],"iteration":49,"passed_time":0.2076152495,"remaining_time":0}
]}